[{"id": 2401, "nome": "Oeste Potiguar", "UF": {"id": 24, "sigla": "RN", "nome": "Rio Grande do Norte", "regiao": {"id": 2, "sigla": "NE", "nome": "Nordeste"}}}, {"id": 2402, "nome": "Central Potiguar", "UF": {"id": 24, "sigla": "RN", "nome": "Rio Grande do Norte", "regiao": {"id": 2, "sigla": "NE", "nome": "Nordeste"}}}, {"id": 2403, "nome": "Agreste Potiguar", "UF": {"id": 24, "sigla": "RN", "nome": "Rio Grande do Norte", "regiao": {"id": 2, "sigla": "NE", "nome": "Nordeste"}}}, {"id": 2404, "nome": "Leste Potiguar", "UF": {"id": 24, "sigla": "RN", "nome": "Rio Grande do Norte", "regiao": {"id": 2, "sigla": "NE", "nome": "Nordeste"}}}]