[{"id": 3301, "nome": "Noroeste Fluminense", "UF": {"id": 33, "sigla": "RJ", "nome": "Rio de Janeiro", "regiao": {"id": 3, "sigla": "SE", "nome": "Sudeste"}}}, {"id": 3302, "nome": "Norte Fluminense", "UF": {"id": 33, "sigla": "RJ", "nome": "Rio de Janeiro", "regiao": {"id": 3, "sigla": "SE", "nome": "Sudeste"}}}, {"id": 3303, "nome": "Centro Fluminense", "UF": {"id": 33, "sigla": "RJ", "nome": "Rio de Janeiro", "regiao": {"id": 3, "sigla": "SE", "nome": "Sudeste"}}}, {"id": 3304, "nome": "Baixadas", "UF": {"id": 33, "sigla": "RJ", "nome": "Rio de Janeiro", "regiao": {"id": 3, "sigla": "SE", "nome": "Sudeste"}}}, {"id": 3305, "nome": "Sul Fluminense", "UF": {"id": 33, "sigla": "RJ", "nome": "Rio de Janeiro", "regiao": {"id": 3, "sigla": "SE", "nome": "Sudeste"}}}, {"id": 3306, "nome": "Metropolitana do Rio de Janeiro", "UF": {"id": 33, "sigla": "RJ", "nome": "Rio de Janeiro", "regiao": {"id": 3, "sigla": "SE", "nome": "Sudeste"}}}]