[{"id": 2101, "nome": "Norte Maranhense", "UF": {"id": 21, "sigla": "MA", "nome": "Maranh\u00e3o", "regiao": {"id": 2, "sigla": "NE", "nome": "Nordeste"}}}, {"id": 2102, "nome": "Oeste Maranhense", "UF": {"id": 21, "sigla": "MA", "nome": "Maranh\u00e3o", "regiao": {"id": 2, "sigla": "NE", "nome": "Nordeste"}}}, {"id": 2103, "nome": "Centro Maranhense", "UF": {"id": 21, "sigla": "MA", "nome": "Maranh\u00e3o", "regiao": {"id": 2, "sigla": "NE", "nome": "Nordeste"}}}, {"id": 2104, "nome": "Leste Maranhense", "UF": {"id": 21, "sigla": "MA", "nome": "Maranh\u00e3o", "regiao": {"id": 2, "sigla": "NE", "nome": "Nordeste"}}}, {"id": 2105, "nome": "Sul Maranhense", "UF": {"id": 21, "sigla": "MA", "nome": "Maranh\u00e3o", "regiao": {"id": 2, "sigla": "NE", "nome": "Nordeste"}}}]