[{"id": 5101, "nome": "Norte Mato-grossense", "UF": {"id": 51, "sigla": "MT", "nome": "Mato Grosso", "regiao": {"id": 5, "sigla": "CO", "nome": "Centro-Oeste"}}}, {"id": 5102, "nome": "Nordeste Mato-grossense", "UF": {"id": 51, "sigla": "MT", "nome": "Mato Grosso", "regiao": {"id": 5, "sigla": "CO", "nome": "Centro-Oeste"}}}, {"id": 5103, "nome": "Sudoeste Mato-grossense", "UF": {"id": 51, "sigla": "MT", "nome": "Mato Grosso", "regiao": {"id": 5, "sigla": "CO", "nome": "Centro-Oeste"}}}, {"id": 5104, "nome": "Centro-Sul Mato-grossense", "UF": {"id": 51, "sigla": "MT", "nome": "Mato Grosso", "regiao": {"id": 5, "sigla": "CO", "nome": "Centro-Oeste"}}}, {"id": 5105, "nome": "Sudeste Mato-grossense", "UF": {"id": 51, "sigla": "MT", "nome": "Mato Grosso", "regiao": {"id": 5, "sigla": "CO", "nome": "Centro-Oeste"}}}]